product,quantity,date,price_before,price_after,prom_type,gender,age,income
Xiaomi Redmi Y1 (Note 5A),15,24/03/2025,3.49,1.99,Gratuité,Homme,54,7558
QMobile Noir M90,17,01/04/2025,22.99,0.99,Bon d'achat,Homme,47,310
BLU Vivo One Plus (2019),5,11/01/2025,3.59,1.99,Offre groupée,Homme,57,394
Xiaomi Black Shark 3,13,01/07/2024,6.49,3.49,Gratuité,Homme,20,5943
Samsung i640,9,15/04/2025,29.99,1.99,Gratuité,Homme,42,3814
Celkon C347,11,02/01/2025,15.99,5.99,Gratuité,Homme,50,6390
Pantech Ease,2,22/08/2024,24.99,4.29,Offre groupée,Femme,18,9893
T-Mobile MDA Basic,19,29/10/2024,12.99,2.49,Offre groupée,Homme,34,4017
Motorola E398,12,06/09/2024,5.99,1.89,Gratuité,Femme,26,318
Huawei Y6II Compact,13,12/06/2024,24.99,4.29,Bon d'achat,Homme,19,8370
Huawei Activa 4G,14,03/06/2024,39.99,4.29,Offre groupée,Homme,28,6630
Prestigio MultiPad 7.0 Pro Duo,15,11/08/2024,15.99,1.49,Réduction,Homme,44,7301
Sharp GX1,14,26/07/2024,69.99,2.49,Gratuité,Homme,45,3166
Ericsson T20s,11,29/06/2024,5.49,3.99,Réduction,Femme,55,4979
Apple iPhone XR,9,16/05/2024,3.79,3.29,Gratuité,Homme,49,2482
Wiko Highway,6,22/05/2024,4.99,2.49,Offre groupée,Femme,46,9140
XOLO Q900s Plus,15,29/04/2024,19.99,3.29,Réduction,Femme,57,3024
Sendo J530,13,30/11/2024,3.29,1.99,Offre groupée,Homme,40,8028
Micromax X099,14,30/12/2024,19.99,2.09,Gratuité,Femme,59,5593
Panasonic Eluga DL1,1,30/10/2024,59.99,24.99,Réduction,Homme,24,467
Motorola C332,7,01/04/2025,59.99,12.99,Offre groupée,Homme,37,6209
LG Cookie 3G T320,18,09/12/2024,59.99,19.99,Gratuité,Homme,29,8155
BLU Studio 5.5 HD,12,25/03/2025,16.99,4.99,Gratuité,Homme,56,1771
BLU Life Play X,6,11/07/2024,4.49,1.5,Réduction,Homme,38,6226
Sagem RC 922,6,03/05/2024,139.99,3.49,Réduction,Femme,31,9462
Vodafone Smart 4 power,3,21/06/2024,9.99,2.99,Offre groupée,Homme,54,4246
Amoi A90,1,25/10/2024,29.99,7.49,Réduction,Femme,29,4148
Meizu 16X,2,14/04/2025,29.99,12.99,Gratuité,Femme,22,5204
Spice QT-52,11,21/02/2025,19.99,2.99,Offre groupée,Femme,57,7648
Micromax Funbook 3G P600,20,27/02/2025,34.99,6.99,Offre groupée,Femme,56,9047
Sonim XP2.10 Spirit,10,29/11/2024,19.99,3.29,Bon d'achat,Femme,51,9643
Prestigio MultiPhone 7600 Duo,9,17/10/2024,29.99,18.99,Bon d'achat,Femme,23,6511
Sony CMD J5,6,11/04/2025,29.99,2.49,Réduction,Homme,27,6221
Nokia 105 (2019),8,14/01/2025,3.79,3.49,Bon d'achat,Homme,15,6458
LG G Flex,10,15/04/2025,3.99,3.69,Réduction,Homme,20,4267
Siemens ME45,20,12/01/2025,6.99,4.29,Offre groupée,Femme,53,3338
Sagem MY X6-2,15,05/06/2024,22.99,3.29,Réduction,Homme,39,8202
Lenovo Q350,5,11/02/2025,8.99,2.49,Réduction,Femme,34,1918
Samsung E1160,10,10/09/2024,19.99,2.59,Bon d'achat,Femme,25,7803
Motorola W7 Active Edition,9,07/07/2024,9.99,2.49,Réduction,Homme,35,1483
Huawei Enjoy 20 Plus 5G,5,10/02/2025,3.59,3.49,Offre groupée,Homme,34,5625
Lenovo A2010,11,27/04/2024,24.99,2.29,Bon d'achat,Homme,59,6072
Samsung I8700 Omnia 7,19,01/03/2025,22.99,5.99,Offre groupée,Homme,17,6361
HTC U20 5G,4,08/03/2025,18.99,4.99,Offre groupée,Femme,29,8732
T-Mobile myTouch 2,19,11/11/2024,2.99,2.49,Offre groupée,Homme,32,744
Huawei Mate 8,19,19/06/2024,2.99,2.29,Réduction,Femme,30,435
Wiko Pulp Fab,10,19/02/2025,12.99,4.19,Offre groupée,Femme,41,1323
Spice Mi-354 Smartflo Space,19,08/02/2025,34.99,4.29,Gratuité,Femme,36,2379
LG F2300,3,04/07/2024,149.99,6.99,Offre groupée,Femme,41,5461
verykool s758,6,02/01/2025,45.99,2.79,Offre groupée,Homme,26,150
Mitsubishi Trium Galaxy,9,10/11/2024,39.99,3.29,Réduction,Femme,23,6855
Philips D908,20,26/02/2025,4.99,3.99,Offre groupée,Femme,57,2065
Posh Equal Pro LTE L700,11,21/06/2024,19.99,4.89,Offre groupée,Homme,41,9911
Nokia 5300,12,03/11/2024,54.99,4.99,Offre groupée,Homme,47,262
LG BL40 New Chocolate,18,21/03/2025,34.99,3.79,Gratuité,Femme,53,3691
Tecno Pova,20,22/01/2025,39.99,3.29,Offre groupée,Femme,28,3030
Samsung T629,5,21/02/2025,4.5,3.99,Réduction,Femme,26,3494
LG G3 LTE-A,13,04/09/2024,24.99,19.99,Gratuité,Homme,34,2551
Sagem MY X3-2,20,24/08/2024,199.99,49.99,Gratuité,Femme,20,7860
LG KG288,15,26/01/2025,6.49,3.99,Réduction,Homme,24,2687
Apple iPhone XR,17,23/02/2025,3.49,3.49,Offre groupée,Femme,44,5774
alcatel 3x (2019),20,26/02/2025,6.49,2.89,Réduction,Homme,32,7769
Philips 960,8,15/02/2025,24.99,15.99,Offre groupée,Homme,32,4852
BlackBerry Curve 9220,13,27/11/2024,34.99,19.99,Offre groupée,Femme,26,8720
Maxon MX-6879,14,23/01/2025,22.99,4.99,Gratuité,Homme,30,9080
Samsung E2530,10,09/03/2025,34.99,29.99,Bon d'achat,Femme,53,3969
BLU Studio J8M LTE,11,07/05/2024,29.99,19.99,Bon d'achat,Femme,50,2864
Nokia C5 TD-SCDMA,5,19/01/2025,29.99,14.99,Réduction,Femme,32,1623
Celkon A66,13,06/01/2025,24.99,5.49,Réduction,Homme,52,3124
Karbonn A9,15,05/10/2024,49.99,3.99,Réduction,Homme,54,3519
NEC e228,15,19/10/2024,299.99,24.99,Offre groupée,Femme,15,5644
Asus PadFone 2,17,24/04/2024,89.99,9.99,Gratuité,Femme,48,7925
BLU Disco2GO II,16,28/06/2024,59.99,19.99,Réduction,Homme,18,3734
Motorola Moto X4,20,29/07/2024,99.99,24.99,Réduction,Homme,19,1636
BlackBerry 7100x,5,27/03/2025,29.99,12.99,Bon d'achat,Femme,25,8740
Samsung U320 Haven,15,08/06/2024,5.89,3.49,Gratuité,Femme,28,2996
Honor 6C Pro,11,08/04/2025,19.99,4.99,Réduction,Homme,18,3801
Samsung Galaxy S7,14,10/05/2024,39.99,23.99,Offre groupée,Homme,46,3483
verykool i315N,20,11/09/2024,24.99,7.99,Gratuité,Femme,43,2610
alcatel 3v,5,07/03/2025,3.99,2.99,Bon d'achat,Femme,38,6322
Panasonic Eluga A,20,10/11/2024,19.99,12.99,Bon d'achat,Homme,17,2806
XOLO Q600s,5,26/10/2024,89.99,29.99,Réduction,Homme,49,5559
Yezz Billy 4.7,17,20/09/2024,59.99,4.29,Offre groupée,Homme,42,8896
Tecno Spark 6 Go,8,03/06/2024,69.99,44.99,Gratuité,Homme,41,386
Acer Liquid Z200,6,09/09/2024,24.99,4.99,Bon d'achat,Homme,31,6237
BLU Grand X LTE,19,19/04/2024,34.99,19.99,Bon d'achat,Homme,29,3076
Micromax GC333,8,16/12/2024,89.99,19.99,Gratuité,Femme,30,2728
Huawei P40 Pro+,18,02/03/2025,69.99,1.79,Gratuité,Homme,41,3783
Sony Ericsson J120,5,02/10/2024,129.99,39.99,Bon d'achat,Homme,39,2306
Micromax Canvas Mega E353,14,17/03/2025,29.99,3.99,Offre groupée,Femme,22,6769
Motorola WX161,12,11/08/2024,59.99,4.99,Gratuité,Femme,57,214
Samsung C3312 Duos,20,20/10/2024,119.99,6.99,Offre groupée,Homme,21,4497
Asus Zenwatch WI500Q,15,20/09/2024,15.99,4.49,Gratuité,Femme,44,1934
Nokia 6555,8,17/01/2025,79.99,5.29,Bon d'achat,Homme,26,5104
Apple Watch Series 3 Aluminum,15,04/09/2024,49.99,34.99,Bon d'achat,Femme,22,3593
T-Mobile REVVL 5G,12,08/11/2024,49.99,3.49,Bon d'achat,Homme,31,782
ZTE Orbit,1,17/02/2025,19.99,3.49,Réduction,Femme,51,7562
Apple iPad Air (2020),14,14/08/2024,29.99,3.49,Bon d'achat,Homme,23,1117
BLU Vivo X5,4,08/12/2024,59.99,4.49,Bon d'achat,Femme,18,4794
alcatel Pop 10,8,09/02/2025,45.99,3.29,Bon d'achat,Femme,31,8791
Meizu X8,12,26/04/2024,99.99,3.49,Gratuité,Femme,35,1894
Huawei Fit,18,22/03/2025,69.99,10.99,Bon d'achat,Homme,48,8799
BlackBerry Z20,16,26/07/2024,149.99,3.29,Bon d'achat,Femme,31,920
vivo Y83,6,20/09/2024,89.99,19.99,Offre groupée,Homme,59,3634
Motorola A840,15,07/08/2024,4.29,2.99,Gratuité,Homme,41,8033
Nokia 6131 NFC,6,21/01/2025,19.99,1.79,Offre groupée,Femme,51,3158
Samsung Galaxy J2 (2017),12,22/01/2025,39.99,4.19,Gratuité,Femme,59,1392
Gigabyte GSmart,17,28/11/2024,34.99,19.99,Gratuité,Femme,42,4830
BLU Advance 4.0 M,8,30/11/2024,19.99,4.49,Réduction,Homme,23,5627
Coolpad Cool Play 8,17,02/02/2025,45.99,2.49,Gratuité,Homme,30,1607
LG C3300,1,02/02/2025,3.49,2.49,Réduction,Homme,22,7374
Nokia 7710,2,30/03/2025,299.99,5.99,Offre groupée,Homme,53,6152
Gionee Pioneer P1,10,14/04/2025,4.19,3.99,Gratuité,Femme,57,3062
Sagem my600X,4,14/08/2024,49.99,14.99,Gratuité,Homme,31,2944
Yezz Andy 6EL LTE,17,15/04/2025,89.99,3.99,Bon d'achat,Femme,50,1116
Philips Xenium X513,18,11/01/2025,39.99,0.89,Réduction,Homme,53,3540
OnePlus 5T,17,22/03/2025,58.99,3.49,Bon d'achat,Homme,34,3355
LG G3,6,29/09/2024,39.99,19.99,Gratuité,Homme,55,4663
alcatel One Touch Scribe X,18,22/06/2024,89.99,6.49,Offre groupée,Homme,40,9017
Vodafone Smart first 7,13,06/09/2024,29.99,2.29,Offre groupée,Femme,54,3600
BQ Aquaris VS,3,08/10/2024,49.99,4.99,Gratuité,Femme,33,294
Lava A88,1,23/02/2025,14.99,3.49,Bon d'achat,Femme,57,7358
QMobile Noir Z12 Pro,6,07/03/2025,79.99,25.99,Réduction,Femme,32,7088
Philips X525,2,22/02/2025,3.49,2.49,Réduction,Homme,44,9502
Samsung F210,7,22/08/2024,12.99,3.49,Gratuité,Homme,60,6448
alcatel 1V (2020),18,10/06/2024,129.99,1.99,Gratuité,Homme,42,1
Meizu MX5e,6,25/02/2025,34.99,29.99,Gratuité,Femme,58,1140
Samsung Galaxy J7 V,19,28/09/2024,4.09,3.99,Gratuité,Homme,60,3044
Karbonn Smart Tab2,11,12/01/2025,1.99,1.29,Offre groupée,Homme,44,6273
Ulefone Armor 8,2,05/11/2024,1.99,1.29,Gratuité,Femme,27,4520
Sony Xperia miro,8,29/12/2024,3.99,3.49,Offre groupée,Homme,33,7949
Nokia E75,12,11/10/2024,3.49,1.29,Gratuité,Femme,23,149
Nokia 105,1,29/09/2024,29.99,29.99,Gratuité,Femme,30,1734
Asus PadFone Infinity,1,03/09/2024,29.99,12.99,Réduction,Femme,25,1152
Samsung Galaxy W I8150,4,27/05/2024,24.99,15.99,Gratuité,Femme,47,46
Gionee X1,18,29/12/2024,29.99,1.89,Réduction,Femme,25,9598
LG EGO Wi-Fi,13,30/05/2024,49.99,1.99,Réduction,Femme,50,1618
Samsung Galaxy S III I747,11,18/03/2025,149.99,19.99,Réduction,Femme,27,6150
Micromax Bharat 2+,7,04/08/2024,79.99,4.99,Offre groupée,Femme,38,1898
Celkon A115,1,27/06/2024,9.99,3.59,Bon d'achat,Homme,47,57
i-mate SP3i,19,04/04/2025,59.99,29.99,Offre groupée,Femme,15,6056
Lenovo Phab2 Plus,5,18/06/2024,29.99,5.49,Gratuité,Femme,31,6740
Samsung J800 Luxe,18,02/02/2025,20.99,8.99,Réduction,Homme,55,5703
Microsoft Surface Duo,5,08/05/2024,12.99,2.99,Gratuité,Homme,35,3749
Sony Ericsson W900,17,16/01/2025,44.99,34.99,Réduction,Femme,23,1176
Energizer Energy 240,1,04/05/2024,19.99,18.99,Réduction,Homme,33,1560
Huawei U1270,14,07/08/2024,29.99,25.99,Bon d'achat,Homme,57,1570
TCL 10 Pro,3,25/09/2024,4.99,2.99,Réduction,Femme,48,4542
Nokia N-Gage,5,11/12/2024,49.99,12.99,Gratuité,Femme,17,4150
LG Axis,20,14/11/2024,15.99,2.49,Réduction,Homme,20,8611
HTC One M9,6,06/04/2025,34.99,29.99,Réduction,Femme,57,3614
Wiko Bloom2,18,19/02/2025,3.49,1.99,Réduction,Homme,60,3726
Asus Memo Pad FHD10,19,03/12/2024,12.99,10.99,Gratuité,Femme,59,3920
Motorola WX294,7,27/07/2024,119.99,22.99,Gratuité,Homme,34,2017
Samsung Galaxy Tab 4 10.1 LTE,19,08/06/2024,3.49,2.99,Réduction,Homme,44,4005
Asus Zenfone 6 ZS630KL,10,02/05/2024,12.99,4.49,Bon d'achat,Homme,21,6514
Casio G'zOne Ravine 2,12,17/11/2024,24.99,19.99,Réduction,Homme,60,1783
Wiko Rainbow Jam,19,04/07/2024,15.99,3.5,Bon d'achat,Femme,21,7702
Yezz Classic C30,13,11/02/2025,49.99,8.99,Réduction,Homme,16,2749
Huawei nova 8 Pro 5G,15,18/10/2024,26.99,4.29,Réduction,Homme,52,8890
OnePlus 8 5G UW (Verizon),13,21/09/2024,79.99,8.99,Offre groupée,Homme,50,8371
T-Mobile Dash,13,23/11/2024,59.99,19.99,Réduction,Femme,38,9524
Motorola Moto E4 Plus,3,23/02/2025,69.99,12.99,Réduction,Homme,35,5932
Siemens S40,20,02/12/2024,34.99,2.99,Bon d'achat,Femme,43,8953
Samsung S7350 Ultra s,7,25/08/2024,5.49,3.29,Gratuité,Homme,50,7704
Sagem my200C,20,18/03/2025,8.49,3.29,Réduction,Femme,23,4863
Huawei Mate 40,17,17/05/2024,3.99,2.99,Gratuité,Homme,54,9349
Samsung Galaxy Note FE,5,23/05/2024,18.99,2.99,Réduction,Femme,17,7071
Samsung Galaxy Note 8.0 Wi-Fi,13,30/01/2025,49.99,12.99,Gratuité,Femme,23,1957
Samsung C275,8,06/01/2025,29.99,24.99,Gratuité,Homme,15,253
Unnecto Neo V,15,03/03/2025,19.99,4.29,Offre groupée,Homme,43,2313
HP TouchPad 4G,7,12/08/2024,199.99,14.99,Réduction,Homme,29,2483
Samsung F268,10,17/09/2024,8.99,6.99,Gratuité,Homme,17,5984
Coolpad Torino,1,22/03/2025,49.99,10.99,Offre groupée,Homme,25,4164
Spice Mi-496 Spice Coolpad 2,8,14/06/2024,15.99,4.99,Réduction,Homme,41,1965
Celkon C360,19,31/07/2024,19.99,4.49,Offre groupée,Homme,19,4742
Motorola VE66,17,22/10/2024,6.99,2.99,Gratuité,Homme,45,6176
LG L Bello,16,01/05/2024,24.99,15.99,Réduction,Homme,31,1202
Asus Google Nexus 7 (2013),16,13/03/2025,44.99,34.99,Bon d'achat,Femme,39,699
Vodafone 511,6,25/11/2024,1.89,1.29,Offre groupée,Homme,40,7361
Spice Mi-436 Stellar Glamour,12,16/08/2024,39.99,29.99,Réduction,Homme,59,5961
BLU Studio C Mini,4,08/09/2024,15.99,7.99,Réduction,Femme,32,5064
Spice M-5250 Boss Item,18,30/12/2024,69.99,3.99,Gratuité,Homme,40,4124
alcatel OT-222,1,14/03/2025,19.99,3.99,Gratuité,Homme,52,2395
Parla Minu,17,21/12/2024,6.49,1.99,Offre groupée,Femme,17,4011
BLU J2,8,27/06/2024,59.99,44.99,Gratuité,Femme,16,6973
NIU Niutek 4.0D,2,05/10/2024,99.99,5.79,Gratuité,Homme,18,3876
Realme C15,17,06/12/2024,199.99,5.49,Offre groupée,Femme,26,4415
Samsung Galaxy C9 Pro,17,25/12/2024,79.99,19.99,Réduction,Homme,55,7970
Samsung T401G,19,24/01/2025,24.99,15.99,Réduction,Femme,15,4543
Plum Stubby II,5,23/08/2024,39.99,5.99,Gratuité,Homme,31,8687
Pantech Q80,16,03/09/2024,99.99,3.49,Bon d'achat,Homme,36,8982
Orange Gova,16,10/06/2024,29.99,19.99,Offre groupée,Homme,25,6310
Huawei G8,15,01/12/2024,299.99,4.99,Bon d'achat,Homme,47,8228
Nokia 6300i,15,09/06/2024,5.49,3.29,Offre groupée,Femme,60,8153
Motorola Defy Pro XT560,19,18/07/2024,5.99,3.49,Réduction,Homme,22,3148
Bird M19,20,03/07/2024,39.99,7.19,Gratuité,Femme,38,5548
BLU Tattoo,4,26/05/2024,249.99,3.29,Bon d'achat,Homme,41,5878
HP iPAQ Voice Messenger,12,15/06/2024,19.99,12.99,Offre groupée,Homme,40,1445
Huawei Ascend D quad XL,14,06/06/2024,12.99,5.99,Bon d'achat,Homme,56,156
Philips W3500,11,13/02/2025,79.99,44.99,Offre groupée,Femme,22,4061
Plum Ram 4,9,18/02/2025,19.99,3.49,Bon d'achat,Homme,18,1371
vivo X20,1,26/08/2024,69.99,39.99,Offre groupée,Homme,27,1853
BLU Samba JR,14,14/09/2024,24.99,3.29,Bon d'achat,Homme,26,5852
Sony Xperia Z Ultra,20,14/01/2025,15.99,6.29,Offre groupée,Homme,44,9181
Acer M900,5,06/03/2025,34.99,34.99,Réduction,Femme,30,2761
Realme 6,17,22/09/2024,49.99,4.99,Gratuité,Femme,19,7394
HTC U12+,10,23/01/2025,49.99,29.99,Gratuité,Homme,31,7276
HTC Hero CDMA,10,31/05/2024,99.99,2.89,Offre groupée,Homme,15,4405
alcatel OT-997D,4,28/11/2024,99.99,5.99,Réduction,Femme,19,2195
Acer Liquid X1,16,30/09/2024,15.99,4.99,Gratuité,Homme,15,5963
Oppo A71,17,06/11/2024,109.99,19.99,Bon d'achat,Homme,40,342
Lenovo Vibe Z2 Pro,11,12/03/2025,79.99,39.99,Bon d'achat,Homme,60,5315
Lava 3G 402+,17,25/10/2024,12.99,5.99,Bon d'achat,Homme,25,787
Samsung I9305 Galaxy S III,6,12/06/2024,7.99,4.99,Offre groupée,Homme,42,1643
Asus Zenfone 4 Max Pro ZC554KL,3,06/03/2025,12.99,4.29,Bon d'achat,Homme,19,899
Gionee L800,13,25/07/2024,34.99,3.99,Offre groupée,Homme,29,4901
LG Apex,14,07/08/2024,4.79,2.79,Offre groupée,Homme,17,4906
ZTE Nova 3.5,17,16/06/2024,24.99,2.99,Offre groupée,Femme,32,2042
verykool T7440 Kolorpad II,3,15/10/2024,3.99,1.89,Offre groupée,Femme,41,4389
Micromax Canvas Blaze 4G Q400,9,23/02/2025,109.99,14.99,Réduction,Femme,46,4166
Oppo K7x,10,04/11/2024,59.99,45.99,Bon d'achat,Femme,41,2153
HTC Paradise,18,19/11/2024,139.99,44.99,Gratuité,Femme,57,545
LG KM380,5,30/05/2024,129.99,4.99,Offre groupée,Homme,41,3524
Nokia 3108,20,20/09/2024,79.99,39.99,Offre groupée,Femme,46,8333
Bird A150,6,10/05/2024,149.99,3.49,Gratuité,Homme,27,8567
LG KP210,9,25/04/2024,39.99,39.99,Réduction,Homme,31,8395
Yezz Chico YZ200,9,22/09/2024,59.99,45.99,Bon d'achat,Homme,22,8572
vivo V5 Lite (vivo 1609),19,26/09/2024,24.99,5.29,Gratuité,Femme,52,4250
Honor 9X (China),6,16/12/2024,109.99,2.29,Réduction,Femme,56,4850
Amoi A320,9,10/12/2024,22.99,19.99,Offre groupée,Homme,18,7458
Motorola M3688,15,11/11/2024,89.99,19.99,Bon d'achat,Homme,41,1384
Nokia 6101,9,27/02/2025,19.99,2.99,Gratuité,Homme,17,4701
Plum Tweek,1,23/04/2024,49.99,9.99,Réduction,Femme,44,3131
Vodafone Smart Tab 10,11,13/10/2024,29.99,6.99,Gratuité,Femme,40,7772
BenQ E53,6,11/02/2025,14.99,3.49,Gratuité,Homme,58,226
Celkon C7045,18,13/03/2025,18.99,3.79,Réduction,Femme,20,1380
Nokia 2.3,12,15/01/2025,3.29,2.99,Offre groupée,Femme,47,3584
Asus P565,12,04/07/2024,49.99,29.99,Offre groupée,Homme,23,9724
Vodafone Smart 4 turbo,15,14/04/2025,3.29,2.49,Réduction,Homme,54,2302
LG K8 (2017),18,19/06/2024,8.99,1.49,Gratuité,Homme,36,4492
Plum Genius,16,07/11/2024,4.29,2.99,Réduction,Femme,49,8495
BlackBerry Porsche Design P'9982,5,07/09/2024,2.99,1.79,Offre groupée,Femme,37,3840
Meizu M5c,12,01/03/2025,1.99,1.29,Offre groupée,Femme,35,6199
HTC One (M8) dual sim,5,25/07/2024,22.99,10.99,Offre groupée,Homme,31,3468
Sharp Aquos SH80F,11,26/06/2024,119.99,3.99,Réduction,Femme,28,8284
LG KG320,18,25/11/2024,89.99,39.99,Gratuité,Homme,16,7372
Sagem my421x,8,06/12/2024,49.99,4.99,Bon d'achat,Femme,48,9279
Sony Xperia XZ Premium,15,21/03/2025,34.99,6.49,Réduction,Femme,52,6794
ZTE Iconic Phablet,11,15/04/2025,18.99,14.99,Réduction,Femme,40,5940
Posh Kick Pro LTE L520,6,18/05/2024,99.99,2.99,Bon d'achat,Homme,54,9792
Nokia 6600i slide,1,12/04/2025,22.99,3.69,Offre groupée,Homme,26,6423
Motorola DROID BIONIC XT875,14,29/07/2024,15.99,5.99,Offre groupée,Homme,23,419
Samsung B130,10,25/07/2024,89.99,5.99,Gratuité,Homme,31,189
Yota YotaPhone,14,22/05/2024,109.99,34.99,Bon d'achat,Femme,18,9643
Qtek 9600,17,02/12/2024,24.99,5.99,Bon d'achat,Homme,25,3653
Sony Ericsson K790,20,22/11/2024,54.99,5.99,Gratuité,Femme,19,5702
Allview P10 Pro,11,03/08/2024,35.0,1.99,Réduction,Femme,16,9293
Lava 3G 415,12,20/08/2024,27.99,2.49,Réduction,Homme,17,9077
Samsung E2230,18,13/08/2024,49.99,24.99,Offre groupée,Homme,47,8242
Amoi M650,8,11/01/2025,24.99,3.79,Bon d'achat,Femme,37,7740
Motorola V1100,16,25/05/2024,99.99,3.29,Gratuité,Femme,30,8559
Sony Xperia Z1 Compact,5,18/08/2024,49.99,14.99,Réduction,Homme,38,1121
Maxwest Nitro 55M,20,23/10/2024,6.49,4.99,Réduction,Femme,46,7037
vivo Y69,8,17/12/2024,29.99,3.49,Gratuité,Homme,48,5861
Motorola EX119,13,09/08/2024,22.99,10.99,Bon d'achat,Homme,18,3884
Siemens C28,9,31/10/2024,129.99,5.29,Gratuité,Homme,18,971
Huawei Y6 (2019),17,05/11/2024,14.99,2.59,Réduction,Femme,45,6759
Oppo A12e,5,27/09/2024,54.99,32.99,Gratuité,Homme,50,3590
Oppo A59,10,16/05/2024,12.99,2.49,Réduction,Homme,30,9138
Micromax X78,4,07/10/2024,79.99,39.99,Bon d'achat,Femme,45,620
Samsung X530,4,16/07/2024,39.99,25.0,Gratuité,Femme,45,7253
vivo Y51s,18,23/02/2025,24.99,7.99,Offre groupée,Homme,58,9260
Gionee Gpad G4,14,22/03/2025,59.99,3.99,Offre groupée,Homme,25,6545
Samsung Z3 Corporate,14,04/09/2024,12.99,3.49,Offre groupée,Femme,29,1670
Wiko Rainbow Lite 4G,16,18/03/2025,25.99,5.99,Offre groupée,Femme,34,4286
Orange Dallas,1,12/04/2025,79.99,3.59,Réduction,Femme,35,5972
Motorola XT301,8,31/03/2025,19.99,17.99,Réduction,Femme,21,6387
Posh Orion S450,19,15/06/2024,14.99,4.19,Réduction,Homme,59,9397
Samsung I5700 Galaxy Spica,2,06/11/2024,49.99,29.99,Gratuité,Femme,55,4394
Bird S580,14,24/09/2024,19.99,6.99,Bon d'achat,Homme,27,5848
Bird D660,15,27/06/2024,39.99,14.99,Bon d'achat,Femme,50,5709
HTC Touch2,9,04/07/2024,149.99,25.99,Bon d'achat,Femme,16,5513
Sharp Aquos S2,20,23/09/2024,899.99,2.49,Offre groupée,Homme,55,8902
Asus Transformer Pad Infinity 700,4,04/02/2025,7.99,4.99,Bon d'achat,Femme,32,2844
Garmin-Asus nuvifone M20,2,10/05/2024,79.99,3.29,Bon d'achat,Femme,44,3194
Sony Xperia T3,16,31/08/2024,49.99,4.99,Gratuité,Femme,27,1402
O2 XDA Stealth,15,20/02/2025,15.99,4.29,Réduction,Homme,21,9818
Sony Xperia Z2 Tablet LTE,19,13/09/2024,3.19,2.29,Gratuité,Femme,60,2508
Samsung D870,7,16/08/2024,18.99,2.99,Offre groupée,Homme,30,5557
Samsung I7500 Galaxy,10,07/11/2024,39.99,3.49,Réduction,Femme,38,928
Motorola Moto G9 Play,15,05/02/2025,22.99,4.99,Offre groupée,Homme,50,3262
Celkon C349i,18,30/04/2024,29.99,5.99,Réduction,Femme,51,3531
LG GB125,14,01/05/2024,4.29,2.49,Offre groupée,Homme,23,5962
Icemobile Diamond Dust,1,26/05/2024,59.99,0.79,Offre groupée,Femme,27,1848
Lava Iris 503e,18,03/04/2025,5.99,1.79,Gratuité,Femme,52,6240
LG Optimus True HD LTE P936,15,06/06/2024,199.99,9.99,Offre groupée,Femme,26,6946
BLU Neo XL,2,28/02/2025,19.99,14.99,Gratuité,Femme,33,4172
Samsung B7330 OmniaPRO,17,07/04/2025,7.99,4.99,Réduction,Femme,32,1276
BlackBerry 4G LTE Playbook,6,19/09/2024,19.99,3.99,Bon d'achat,Homme,26,6116
Samsung S5560 Marvel,8,22/06/2024,34.99,29.99,Bon d'achat,Femme,51,1645
Plum Axe Plus,1,11/06/2024,179.99,44.99,Offre groupée,Homme,53,4361
vivo S1 Pro (China),8,19/01/2025,2.99,1.99,Réduction,Homme,53,3749
verykool s352,19,04/06/2024,2.99,2.49,Offre groupée,Homme,15,4234
Samsung Galaxy Ace S5830I,4,07/10/2024,29.99,2.99,Bon d'achat,Homme,53,4533
T-Mobile Dash 3G,18,08/02/2025,34.99,3.29,Bon d'achat,Femme,45,4144
Qtek 7070,14,15/11/2024,34.99,4.99,Offre groupée,Homme,47,695
Spice Mi-437 Stellar Nhance 2,12,23/05/2024,59.99,14.99,Réduction,Homme,31,7056
Motorola Moto E6 Play,11,10/12/2024,89.99,2.59,Réduction,Femme,40,6942
LG G5500,10,01/03/2025,39.99,4.99,Bon d'achat,Homme,57,4097
Samsung Galaxy Note Pro 12.2 LTE,14,18/07/2024,29.99,5.49,Gratuité,Femme,31,3346
Motorola C550,7,02/05/2024,99.99,7.99,Réduction,Femme,36,7449
verykool i316,8,07/10/2024,79.99,2.79,Réduction,Femme,45,1924
Xiaomi Redmi K30,14,16/09/2024,18.99,2.79,Bon d'achat,Homme,21,298
Tecno Camon iACE2,3,15/05/2024,29.99,4.49,Réduction,Homme,18,5279
Asus Zenfone 2 Laser ZE551KL,20,25/11/2024,6.29,2.49,Bon d'achat,Homme,55,7409
Maxon MX-C20,4,28/01/2025,34.99,4.99,Réduction,Homme,58,3334
Plum Hero,2,21/12/2024,19.99,4.29,Gratuité,Femme,50,1046
Nokia 6230i,15,15/05/2024,49.99,24.99,Offre groupée,Homme,28,9292
Nokia Asha 230,16,07/12/2024,89.99,3.29,Gratuité,Femme,58,1482
LG U8100,11,17/02/2025,35.0,6.49,Gratuité,Femme,60,6886
TCL Plex,1,29/10/2024,22.99,5.49,Offre groupée,Femme,60,596
Lava Iris 356,5,02/02/2025,89.99,6.99,Bon d'achat,Femme,60,2227
HTC One ST,16,23/04/2024,4.49,2.79,Offre groupée,Femme,57,5195
Celkon C206,10,29/08/2024,89.99,2.49,Offre groupée,Femme,16,53
Samsung Galaxy Tab S7+,3,08/11/2024,49.99,1.89,Bon d'achat,Femme,33,3124
Nokia 2730 classic,14,13/08/2024,24.99,7.99,Gratuité,Homme,48,6753
Asus Zenfone 5 Lite ZC600KL,11,06/03/2025,39.99,34.99,Réduction,Homme,45,9688
alcatel OT-S621,18,01/11/2024,79.99,2.99,Gratuité,Femme,52,5443
HTC Desire 526,17,07/04/2025,39.99,22.99,Réduction,Femme,54,5079
Philips W737,18,24/01/2025,39.99,4.99,Bon d'achat,Femme,59,2051
Samsung Galaxy C7 (2017),16,07/08/2024,9.99,3.49,Offre groupée,Homme,57,3265
HTC P3400,1,09/08/2024,89.99,5.99,Offre groupée,Femme,43,5776
Yezz Andy A4.5 1GB,15,30/12/2024,29.99,2.59,Réduction,Homme,34,3439
Gionee Pioneer P2M,4,04/08/2024,39.99,14.99,Bon d'achat,Homme,37,4881
Sony Ericsson T600,16,14/04/2025,9.99,3.99,Offre groupée,Homme,22,5338
Motorola ROKR ZN50,9,17/07/2024,29.99,19.99,Gratuité,Femme,28,6777
NEC N620,1,21/03/2025,49.99,44.99,Bon d'achat,Femme,15,2398
LG KF350,3,20/03/2025,34.99,2.29,Offre groupée,Homme,41,6460
Panasonic T11,7,26/09/2024,22.99,1.99,Offre groupée,Femme,33,7778
Telit t110,10,17/01/2025,3.99,3.29,Gratuité,Homme,45,7202
Amazon Fire HD 8,10,04/04/2025,12.99,6.49,Gratuité,Homme,27,7327
HTC P4350,8,28/01/2025,4.99,4.19,Bon d'achat,Homme,29,2693
Cat B100,19,03/08/2024,18.99,2.99,Offre groupée,Homme,21,3989
Lava A48,2,25/03/2025,39.99,4.19,Gratuité,Homme,49,4959
Coolpad Porto,12,22/03/2025,10.99,2.49,Offre groupée,Femme,26,7902
vivo S7t,7,01/07/2024,89.99,69.99,Gratuité,Femme,59,8962
VK Mobile VK560,3,08/04/2025,19.99,2.99,Gratuité,Homme,24,430
Philips V726,2,01/06/2024,199.99,5.29,Bon d'achat,Femme,50,3190
LG Q60,16,12/02/2025,89.99,24.99,Gratuité,Homme,28,4961
Oppo A5 (2020),8,08/09/2024,29.99,14.99,Réduction,Homme,40,5735
Gionee M30,13,07/01/2025,129.99,15.99,Réduction,Femme,58,7249
Celkon A77,4,11/04/2025,12.99,6.29,Offre groupée,Femme,52,9304
Nokia 6120 classic,2,10/06/2024,4.29,2.49,Réduction,Homme,39,9289
Samsung E1310,1,07/10/2024,4.49,4.29,Offre groupée,Homme,56,5935
Samsung Galaxy Tab S7,1,15/01/2025,3.99,3.99,Gratuité,Femme,48,7598
alcatel Tetra,6,15/05/2024,299.99,5.49,Offre groupée,Femme,18,844
Allview P6 Energy Mini,7,26/05/2024,24.99,4.99,Offre groupée,Femme,47,6665
Energizer Ultimate U620S Pop,13,30/09/2024,5.59,4.99,Bon d'achat,Femme,38,39
Allview P6 Energy Mini,8,22/03/2025,29.99,25.99,Réduction,Femme,27,590
LG KU380,15,12/07/2024,39.99,7.99,Bon d'achat,Homme,44,4892
Huawei nova plus,13,14/11/2024,39.99,3.99,Réduction,Homme,45,9038
Sharp Aquos V,19,11/08/2024,19.99,1.99,Réduction,Homme,25,3697
BLU Studio J8M LTE,19,12/05/2024,4.99,4.99,Gratuité,Femme,53,4349
Nokia 6060,5,24/03/2025,12.99,4.49,Réduction,Femme,15,5401
Telit t650,6,10/03/2025,29.99,24.99,Gratuité,Femme,41,1493
Maxwest Blade,9,24/10/2024,12.99,12.99,Gratuité,Femme,59,6100
Samsung G400 Soul,19,07/02/2025,34.99,8.99,Bon d'achat,Femme,30,3390
Samsung X520,9,17/07/2024,99.99,14.99,Bon d'achat,Homme,54,5704
Honor 8A Prime,10,25/08/2024,3.99,3.99,Gratuité,Homme,37,417
Samsung T939 Behold 2,16,17/01/2025,5.49,3.49,Bon d'achat,Femme,18,6173
Sony Xperia Pro,6,08/05/2024,54.99,4.29,Bon d'achat,Femme,43,9713
Celkon C75,10,03/02/2025,79.99,3.59,Bon d'achat,Homme,28,6937
Samsung Galaxy M11,16,25/05/2024,15.99,8.49,Offre groupée,Homme,53,7637
Nokia Lumia 620,11,07/11/2024,29.99,6.99,Offre groupée,Homme,54,9093
BLU Spark,11,06/04/2025,10.99,5.49,Réduction,Homme,23,8545
QMobile Noir i6,15,17/10/2024,3.49,2.99,Bon d'achat,Homme,29,9187
verykool R80L Granite II,10,01/07/2024,5.99,4.19,Gratuité,Homme,37,232
Bird V5518+,19,16/08/2024,24.99,8.99,Offre groupée,Homme,59,262
Honor View40,5,31/01/2025,59.99,3.69,Gratuité,Homme,37,3000
Vodafone 835,16,23/05/2024,49.99,1.99,Offre groupée,Femme,60,4036
Huawei Ascend P1s,1,26/12/2024,39.99,39.99,Offre groupée,Homme,23,5457
Motorola C980,13,29/06/2024,89.99,5.99,Offre groupée,Homme,19,7119
LG Wink Plus GT350i,15,04/12/2024,34.99,2.49,Réduction,Homme,27,1477
Motorola Moto G Play (2021),4,16/09/2024,79.99,3.49,Bon d'achat,Femme,49,588
Pantech PG3000,6,24/08/2024,29.99,19.99,Réduction,Homme,44,6336
LG Bello II,1,09/09/2024,69.99,49.99,Offre groupée,Homme,57,1724
O2 X1b,1,23/06/2024,29.99,2.99,Gratuité,Homme,60,5419
vivo Y73s,15,22/04/2024,149.99,3.49,Offre groupée,Femme,49,3724
O2 Xphone IIm,2,17/01/2025,22.99,9.99,Bon d'achat,Femme,32,3681
Amoi F99b,3,05/06/2024,3.99,3.39,Gratuité,Femme,34,1603
Acer Liquid Z630,1,12/11/2024,58.99,5.99,Réduction,Femme,46,1286
LG GT540 Optimus,7,16/11/2024,4.99,2.99,Bon d'achat,Homme,60,63
Realme Narzo 10,8,18/06/2024,6.49,2.99,Bon d'achat,Femme,22,6828
Telit t110,16,28/04/2024,17.99,2.99,Bon d'achat,Homme,41,6078
ZTE Raise,5,17/04/2024,39.99,2.99,Réduction,Homme,44,3302
Motorola Moto G,2,01/11/2024,19.99,3.79,Bon d'achat,Homme,26,953
HTC One (E8),3,18/01/2025,2.49,1.99,Offre groupée,Femme,43,2072
Samsung U300,9,05/01/2025,249.99,4.99,Offre groupée,Femme,25,8986
Nokia 5300,19,06/02/2025,14.99,8.99,Offre groupée,Femme,35,9734
Panasonic GD70,5,01/03/2025,7.99,0.79,Bon d'achat,Homme,42,5032
Allview P7 Xtreme,17,21/11/2024,44.99,2.99,Gratuité,Homme,58,2157
Nokia E55,8,10/06/2024,89.99,18.99,Offre groupée,Homme,31,1979
Ericsson T29s,3,01/10/2024,2.49,2.49,Réduction,Homme,28,7247
Acer Iconia B1-720,16,27/01/2025,29.99,19.99,Réduction,Homme,46,9799
Samsung Galaxy Y Duos S6102,6,16/05/2024,99.99,3.99,Gratuité,Femme,55,9603
Samsung C210,18,28/02/2025,45.0,14.99,Réduction,Femme,31,5849
Amoi H810,20,22/08/2024,49.99,29.99,Bon d'achat,Femme,53,8049
BenQ-Siemens E52,13,13/11/2024,5.49,2.29,Bon d'achat,Femme,39,2357
Motorola MOTOKEY 3-CHIP EX117,7,04/07/2024,349.99,39.99,Bon d'achat,Homme,18,9409
Philips X603,19,11/04/2025,129.99,3.29,Réduction,Homme,56,6890
Sony Ericsson K600,18,06/02/2025,49.99,4.29,Bon d'achat,Homme,19,3962
Sony Ericsson C901,1,21/03/2025,9.99,2.99,Réduction,Femme,45,7060
BlackBerry Curve 8900,13,10/08/2024,19.99,4.29,Gratuité,Homme,44,9642
Samsung M610,8,14/06/2024,59.99,14.99,Offre groupée,Femme,32,8521
Pantech Element,14,25/11/2024,29.99,4.29,Réduction,Femme,30,427
Celkon C509,9,14/01/2025,49.99,39.99,Gratuité,Femme,19,9418
Samsung T109,7,01/07/2024,4.59,2.99,Offre groupée,Homme,55,4006
LG G Stylo,19,28/01/2025,39.99,8.99,Gratuité,Homme,24,3952
OnePlus 7T Pro,4,16/07/2024,14.99,4.99,Offre groupée,Homme,55,8039
Acer Liquid X1,16,23/09/2024,3.29,3.29,Bon d'achat,Femme,24,9183
O2 XDA Nova,11,13/05/2024,2.99,1.29,Réduction,Femme,39,4994
alcatel OT-605,14,08/11/2024,89.99,59.99,Offre groupée,Femme,51,8481
Nokia 6170,5,30/01/2025,49.99,12.99,Gratuité,Homme,37,8779
Lenovo A390,18,16/04/2025,24.99,4.49,Gratuité,Homme,52,1416
Asus Zenfone 5 Lite A502CG (2014),15,19/11/2024,4.29,2.99,Bon d'achat,Femme,43,337
LG KG245,16,23/02/2025,19.99,9.99,Offre groupée,Femme,19,887
Micromax A74 Canvas Fun,6,17/06/2024,3.49,2.49,Gratuité,Homme,30,5054
Samsung E2262,17,08/02/2025,19.99,1.29,Offre groupée,Femme,55,5040
Bird D636,6,27/05/2024,199.99,49.99,Gratuité,Homme,17,6363
Micromax X11i,16,20/02/2025,29.99,2.29,Offre groupée,Homme,46,768
BLU Dash,13,20/07/2024,34.99,14.99,Offre groupée,Homme,16,4340
Icemobile Prime 5.0 Plus,16,28/11/2024,4.29,2.99,Bon d'achat,Femme,46,3791
LG KF390,11,27/12/2024,6.99,6.89,Offre groupée,Homme,33,5453
Motorola Moto C,1,29/09/2024,4.99,4.29,Réduction,Homme,31,2004
XOLO Win Q900s,14,05/02/2025,49.99,34.99,Offre groupée,Femme,21,9010
Samsung Z3 Corporate,18,11/04/2025,69.99,18.99,Bon d'achat,Homme,19,3530
Huawei G7 Plus,10,23/08/2024,34.99,29.99,Gratuité,Femme,55,2499
Mitac MIO Explora K70,1,02/11/2024,199.99,34.99,Offre groupée,Femme,38,1634
O2 XDA Orbit,8,28/05/2024,69.99,39.0,Réduction,Femme,41,3428
Microsoft Lumia 640 XL LTE Dual SIM,19,03/10/2024,5.49,3.99,Gratuité,Homme,44,276
Nokia 9.3 PureView,10,24/03/2025,49.99,4.49,Offre groupée,Femme,60,4655
Kyocera Echo,11,05/06/2024,3.99,2.49,Offre groupée,Femme,31,7148
Samsung Gear S3 frontier,12,05/08/2024,3.99,2.49,Offre groupée,Homme,23,7160
Huawei Y3II,16,02/10/2024,5.49,3.29,Bon d'achat,Femme,55,6948
ZTE Grand X2,6,31/08/2024,49.99,4.5,Offre groupée,Homme,44,667
Huawei Y6 (2018),13,02/12/2024,49.99,5.49,Bon d'achat,Femme,23,7515
Samsung Galaxy S20 FE 5G,14,28/02/2025,79.99,19.99,Offre groupée,Femme,23,2051
Microsoft Lumia 950,17,20/11/2024,16.99,11.99,Bon d'achat,Homme,39,4026
Siemens CFX65,3,21/05/2024,39.99,1.99,Réduction,Femme,46,6082
Nokia 7200,4,11/01/2025,169.99,6.49,Offre groupée,Homme,29,4443
verykool s4513 Luna II,4,30/12/2024,49.99,19.99,Bon d'achat,Femme,58,5552
Dell Aero,4,15/01/2025,39.99,12.99,Réduction,Femme,58,1635
Panasonic A100 Series,6,11/07/2024,2.69,1.29,Réduction,Homme,27,1277
Asus Zenpad 10 Z300C,20,18/01/2025,24.99,3.79,Offre groupée,Homme,25,9234
Archos Diamond,15,28/05/2024,4.29,3.99,Réduction,Femme,58,6581
Infinix Smart,16,01/09/2024,7.99,2.99,Gratuité,Homme,59,4139
ZTE Geek V975,4,09/04/2025,14.99,12.99,Gratuité,Homme,40,1780
LG GC900 Viewty Smart,16,13/01/2025,3.99,1.99,Réduction,Homme,40,1252
Philips X650,4,22/03/2025,6.49,4.29,Gratuité,Homme,38,2932
Motorola Moto E6s (2020),18,25/08/2024,2.79,2.49,Gratuité,Homme,58,4639
Motorola C168,11,27/11/2024,25.99,1.89,Réduction,Femme,39,1082
Xiaomi Mi 5s Plus,5,16/08/2024,49.99,22.99,Bon d'achat,Femme,37,4111
Wiko Harry,9,13/12/2024,29.99,4.99,Bon d'achat,Homme,48,3429
Philips Genie 2000,13,03/05/2024,29.99,4.99,Bon d'achat,Femme,33,1790
LG K42,4,16/02/2025,7.49,4.99,Bon d'achat,Femme,41,1156
Motorola C450,3,22/06/2024,45.0,9.99,Gratuité,Homme,46,2184
LG Velvet,3,01/08/2024,89.99,14.99,Offre groupée,Homme,58,6466
Xiaomi Mi 10i 5G,8,05/04/2025,39.99,29.99,Offre groupée,Femme,32,4973
Gionee L800,8,06/06/2024,12.99,9.99,Bon d'achat,Homme,24,7538
Celkon Xion s CT695,12,18/08/2024,59.99,5.49,Gratuité,Homme,21,6977
Huawei Mate 9 Pro,20,12/03/2025,5.99,5.79,Bon d'achat,Femme,36,5718
Samsung W960 AMOLED 3D,18,29/06/2024,19.99,18.99,Gratuité,Femme,15,790
Samsung i637 Jack,8,02/11/2024,5.99,4.99,Gratuité,Femme,47,9055
ZTE Blade V10 Vita,9,05/07/2024,249.99,39.99,Réduction,Femme,49,3335
Bird SC24,19,27/06/2024,29.99,5.99,Bon d'achat,Homme,32,9700
HTC Windows Phone 8S,14,28/02/2025,24.99,4.49,Bon d'achat,Femme,56,3165
i-mate SP3i,6,05/08/2024,29.99,29.99,Bon d'achat,Homme,41,2617
Asus Memo Pad ME172V,19,20/05/2024,49.99,2.29,Gratuité,Femme,30,6153
NEC N200,16,01/04/2025,29.99,25.99,Réduction,Homme,42,5914
alcatel 7,14,24/10/2024,39.99,29.99,Gratuité,Homme,40,1393
i-mobile Hitz 212,20,27/10/2024,39.99,3.49,Bon d'achat,Homme,18,2837
Xiaomi Mi 10 Youth 5G,9,17/10/2024,59.99,19.99,Gratuité,Femme,55,9750
alcatel OT-252,12,15/11/2024,2.99,1.29,Réduction,Femme,36,1971
Asus Zenpad 10 Z300M,7,19/04/2024,5.99,1.29,Bon d'achat,Homme,48,9915
TCL 10 5G UW,5,05/02/2025,39.99,4.99,Offre groupée,Femme,29,2041
Huawei G7300,12,05/07/2024,3.99,3.49,Bon d'achat,Femme,18,2072
Ericsson T20s,12,14/10/2024,79.99,3.49,Gratuité,Femme,54,2229
Nokia E61i,20,31/12/2024,49.99,6.99,Offre groupée,Homme,20,3807
verykool i674,4,14/12/2024,2.99,1.99,Gratuité,Homme,15,8173
Celkon A27,5,01/02/2025,39.99,2.99,Gratuité,Homme,47,2232
vivo X5Max+,10,12/04/2025,79.99,12.99,Réduction,Femme,53,2270
Xiaomi Mi Note 10 Pro,10,21/05/2024,29.99,6.49,Réduction,Femme,49,1922
Karbonn A111,9,12/02/2025,39.99,19.99,Bon d'achat,Homme,25,9806
vivo Z1i,10,05/04/2025,3.79,2.99,Offre groupée,Femme,49,9929
Gigabyte GSmart i300,3,04/01/2025,29.99,3.19,Réduction,Femme,55,1369
Motorola Moto G7 Plus,5,21/01/2025,19.99,2.99,Offre groupée,Femme,59,2330
Huawei Mate 40 Pro,2,30/05/2024,19.99,14.99,Gratuité,Homme,54,2561
Infinix S2 Pro,5,27/11/2024,34.99,12.99,Réduction,Femme,17,4898
Xiaomi Mi 2,1,22/03/2025,2.29,1.79,Offre groupée,Femme,50,8563
Energizer Hardcase H501S,14,27/04/2024,29.99,29.99,Réduction,Homme,15,176
Samsung Galaxy S7 active,20,27/05/2024,5.99,4.99,Gratuité,Homme,22,5734
NEC N500iS,4,17/06/2024,3.99,2.29,Gratuité,Femme,49,1425
Nokia N90,3,27/09/2024,9.99,9.49,Réduction,Femme,50,7019
Nokia X3 Touch and Type S,4,13/08/2024,19.99,3.29,Gratuité,Homme,37,1535
Amazon Fire HD 8 (2020),20,30/12/2024,69.99,3.99,Gratuité,Homme,16,3555
Micromax X233,14,12/07/2024,89.99,24.99,Gratuité,Femme,52,5633
Huawei P40 Pro+,14,24/11/2024,3.19,2.49,Bon d'achat,Homme,50,7377
LG Extravert VN271,10,13/11/2024,39.99,39.99,Réduction,Femme,42,4215
Spice Mi-720,2,13/03/2025,39.99,7.49,Offre groupée,Homme,21,6943
Motorola Moto G 5G,16,02/05/2024,24.99,3.29,Offre groupée,Femme,44,7404
Yezz Andy 4E LTE,1,11/11/2024,19.99,12.99,Réduction,Homme,16,166
alcatel 3088,12,06/01/2025,39.99,3.99,Bon d'achat,Homme,26,4839
BLU Dash 5.0,14,25/09/2024,3.99,2.49,Offre groupée,Homme,25,7746
T-Mobile Revvlry,13,19/09/2024,8.49,2.99,Bon d'achat,Homme,45,6670
Micromax Canvas Pep Q371,5,23/01/2025,4.49,3.79,Gratuité,Femme,54,7472
Xiaomi Mi A2 (Mi 6X),15,08/01/2025,5.99,4.29,Offre groupée,Femme,35,3367
alcatel OT-665,4,15/09/2024,3.99,2.29,Bon d'achat,Homme,60,7704
Prestigio Multipad 4 Quantum 10.1,1,14/05/2024,109.99,4.99,Offre groupée,Homme,36,1324
LG KP502 Cookie,10,03/06/2024,3.49,2.99,Offre groupée,Femme,21,2175
Archos 53 Platinum,15,02/06/2024,69.99,2.29,Offre groupée,Femme,46,4726
Sony Xperia XZ Premium,10,11/01/2025,34.99,4.99,Bon d'achat,Femme,54,9056
Huawei MediaPad M5 lite,11,22/05/2024,5.29,3.49,Bon d'achat,Homme,56,3451
Chea 178,7,30/09/2024,6.49,4.49,Bon d'achat,Femme,30,954
Samsung C6712 Star II DUOS,15,03/11/2024,69.99,6.99,Réduction,Femme,35,7054
Micromax Canvas Blaze 4G+ Q414,16,10/11/2024,34.99,34.99,Offre groupée,Homme,51,5555
Asus Zenfone 3s Max ZC521TL,5,26/02/2025,29.99,3.59,Bon d'achat,Homme,48,2839
vivo S7,6,06/11/2024,39.99,19.99,Bon d'achat,Homme,46,2117
LG KM386,19,07/07/2024,54.99,3.99,Réduction,Homme,43,7055
HTC Desire P,19,27/03/2025,3.99,2.39,Offre groupée,Homme,15,8843
Sony Xperia Z3 Dual,16,15/09/2024,6.99,2.99,Réduction,Femme,58,4462
Nokia 3210,13,20/05/2024,129.99,1.5,Gratuité,Femme,36,4823
Motorola Droid XTreme,6,19/10/2024,19.99,6.99,Gratuité,Femme,22,8264
Samsung Galaxy Fame Lite S6790,2,15/06/2024,4.99,3.49,Offre groupée,Femme,59,6575
Panasonic GD55,11,02/11/2024,7.99,2.49,Bon d'achat,Femme,46,9418
LG G Vista 2,20,30/01/2025,79.99,29.99,Bon d'achat,Femme,58,6479
LG KF240,3,09/04/2025,39.99,34.99,Réduction,Homme,20,1227
Lenovo A1000,6,01/01/2025,49.99,2.99,Réduction,Homme,19,8839
Sewon SGD-101,13,16/11/2024,44.99,29.99,Bon d'achat,Homme,43,1182
BLU Deejay Touch,1,01/09/2024,99.99,3.29,Gratuité,Femme,45,5977
Siemens C10,8,01/10/2024,29.99,4.99,Bon d'achat,Homme,17,4656
Sony Ericsson Xperia pro,4,28/01/2025,19.99,4.49,Bon d'achat,Femme,38,5164
Xiaomi Mi Mix Alpha,19,31/08/2024,4.99,2.99,Offre groupée,Femme,15,5453
QMobile W1,5,28/12/2024,19.99,19.99,Bon d'achat,Femme,54,8138
Prestigio MultiPad 7.0 HD +,6,12/06/2024,109.99,2.99,Bon d'achat,Femme,31,8516
Huawei MediaPad M2 8.0,1,13/08/2024,4.99,4.99,Bon d'achat,Homme,20,3505
LG A120,1,15/07/2024,18.99,2.99,Offre groupée,Homme,37,8295
Prestigio MultiPad 7.0 Ultra Duo,1,13/08/2024,25.99,1.99,Bon d'achat,Femme,44,5558
Gigabyte GSmart Maya M1 v2,8,15/06/2024,24.99,3.39,Gratuité,Femme,47,2621
alcatel OT-223,1,10/05/2024,6.99,3.99,Réduction,Homme,33,4435
Nokia 2600 classic,19,22/05/2024,4.99,4.49,Offre groupée,Homme,16,7479
Samsung Galaxy Xcover 3 G389F,4,24/04/2024,8.49,6.49,Bon d'achat,Femme,30,1205
Energizer Power Max P550S,5,28/12/2024,49.99,2.79,Bon d'achat,Homme,46,6146
ZTE Skate,20,02/05/2024,29.99,3.29,Réduction,Homme,35,9154
Cat S30,9,05/05/2024,39.99,2.99,Gratuité,Femme,19,6412
BlackBerry Style 9670,20,21/10/2024,89.99,34.99,Offre groupée,Homme,58,7525
verykool s350,4,21/08/2024,25.99,3.29,Offre groupée,Femme,30,139
Samsung Galaxy Note N7000,12,23/04/2024,3.99,3.99,Bon d'achat,Homme,50,6439
Samsung C140,19,23/04/2024,79.99,14.99,Bon d'achat,Femme,20,1102
Huawei Y5 lite (2018),12,09/01/2025,89.0,2.99,Gratuité,Femme,34,5989
Yezz Liv 2 LTE,16,08/10/2024,26.99,2.49,Gratuité,Homme,29,5536
Panasonic Lumix Smart Camera CM1,3,02/03/2025,34.99,4.99,Gratuité,Femme,32,2544
LG SU420 Cafe,17,07/03/2025,4.89,3.99,Réduction,Femme,18,2513
Huawei Enjoy 20 Pro,6,08/11/2024,29.99,4.49,Bon d'achat,Homme,46,1285
ZTE Vital N9810,7,24/11/2024,4.29,2.89,Bon d'achat,Homme,27,7354
WND Wind DUO 2200,10,11/09/2024,6.99,2.59,Bon d'achat,Femme,46,7388
Sony Xperia T,3,01/09/2024,22.99,6.49,Réduction,Homme,39,5145
Sony Ericsson K750,17,29/04/2024,49.99,18.99,Réduction,Femme,45,3591
Philips Xenium K600,5,17/08/2024,24.99,2.49,Gratuité,Homme,21,1347
Samsung C6625,16,15/10/2024,24.99,1.29,Offre groupée,Femme,22,1978
Nokia 5530 XpressMusic,2,03/12/2024,18.99,1.79,Offre groupée,Femme,20,2067
Energizer Energy E401,4,07/11/2024,349.99,2.99,Bon d'achat,Femme,36,2843
alcatel OT 556,19,25/10/2024,34.99,3.99,Bon d'achat,Homme,47,6567
Apple iPhone 5s,2,20/02/2025,59.99,19.99,Réduction,Femme,49,2417
Samsung N300,14,02/10/2024,39.99,26.99,Bon d'achat,Femme,15,6178
Celkon A1,14,13/07/2024,139.99,3.99,Offre groupée,Femme,44,7864
Sony Xperia miro,13,20/11/2024,49.99,4.99,Gratuité,Femme,43,3693
T-Mobile Dash,18,16/11/2024,29.99,18.99,Gratuité,Femme,60,2102
Nokia 6303 classic,2,04/01/2025,59.99,12.99,Bon d'achat,Femme,21,9894
Huawei Y6 (2018),17,03/12/2024,29.99,14.99,Gratuité,Homme,45,5379
Samsung Galaxy Tab 4 10.1 (2015),19,05/05/2024,3.79,3.29,Offre groupée,Femme,50,1672
LG K50S,9,17/05/2024,34.99,2.49,Gratuité,Homme,59,2803
Samsung Galaxy A10,8,23/06/2024,24.99,19.99,Gratuité,Homme,38,926
Asus Zenfone 6 A601CG (2014),3,24/04/2024,99.99,5.79,Réduction,Femme,55,85
Samsung I405 Stratosphere,1,05/03/2025,14.99,4.49,Bon d'achat,Femme,25,6553
BLU Studio G HD,12,03/02/2025,8.99,3.29,Bon d'achat,Homme,51,2008
Lava Iris 349+,11,05/11/2024,22.99,1.99,Bon d'achat,Homme,19,815
Celkon Campus Buddy A404,1,16/06/2024,4.99,3.49,Réduction,Homme,47,8971
Sagem my405X,11,18/06/2024,89.99,5.99,Réduction,Femme,36,5348
Allview A10 Plus,6,11/05/2024,64.99,4.29,Réduction,Homme,17,5377
Icemobile Rock Mini,8,05/06/2024,19.99,15.99,Offre groupée,Homme,23,2190
Gigabyte GSmart GX2,3,20/01/2025,24.99,12.99,Bon d'achat,Femme,52,2165
Meizu MX2,8,24/04/2024,3.99,1.99,Gratuité,Homme,50,3223
Micromax Canvas Win W121,4,14/05/2024,15.99,4.99,Bon d'achat,Homme,46,7042
Qtek 8020,20,23/07/2024,89.99,22.99,Réduction,Femme,16,4813
Motorola WX181,13,26/04/2024,39.99,1.79,Gratuité,Femme,38,1450
Huawei Enjoy 20 5G,17,23/05/2024,39.99,3.79,Gratuité,Femme,18,7926
Acer Iconia Tab A1-811,3,06/02/2025,69.99,29.99,Offre groupée,Femme,16,5760
Huawei Ascend Mate,20,04/10/2024,49.99,8.99,Offre groupée,Femme,40,1973
O2 XDA Exec,18,03/11/2024,59.99,2.49,Offre groupée,Homme,54,7253
HTC Desire 626,4,09/10/2024,19.99,15.99,Réduction,Femme,24,8190
Meizu Pro 6 Plus,18,25/01/2025,3.99,3.49,Offre groupée,Femme,37,704
Siemens A65,1,22/01/2025,49.99,19.99,Offre groupée,Femme,45,5052
Bird S199,3,08/11/2024,9.49,4.49,Réduction,Homme,33,5339
Apple iPad Pro 12.9 (2020),10,04/05/2024,8.99,5.99,Offre groupée,Femme,46,6018
Nokia 6260 slide,16,26/02/2025,49.99,3.49,Offre groupée,Homme,25,9546
alcatel OT 756,15,21/05/2024,59.99,4.99,Réduction,Femme,45,9282
Icemobile Hurricane II,6,15/02/2025,3.99,3.29,Gratuité,Homme,48,6804
Honor Play,17,15/02/2025,16.99,3.99,Offre groupée,Femme,46,4846
NEC N160,4,29/06/2024,12.99,4.29,Bon d'achat,Homme,32,7299
Celkon C7070,14,18/04/2024,99.99,3.49,Réduction,Femme,51,8403
vivo Z1i,18,20/01/2025,79.99,3.49,Offre groupée,Homme,15,3200
Ericsson A3618,2,11/07/2024,12.99,3.99,Bon d'achat,Femme,52,1147
Motorola V360,11,08/09/2024,34.99,4.49,Offre groupée,Femme,53,3579
Huawei Fusion 2 U8665,2,28/08/2024,4.99,3.99,Gratuité,Femme,34,9352
Samsung Z620,20,13/08/2024,79.99,29.99,Gratuité,Femme,60,3071
Infinix Hot S,9,24/12/2024,3.99,2.49,Offre groupée,Femme,44,1150
Gigabyte GSmart G1310,17,12/02/2025,24.99,22.99,Gratuité,Homme,54,1684
Samsung Galaxy Z Fold2 5G,2,04/04/2025,5.99,3.29,Offre groupée,Femme,57,640
alcatel OT-385,16,24/10/2024,29.99,5.99,Réduction,Homme,17,733
LG GW550,14,15/11/2024,89.99,3.39,Offre groupée,Homme,30,9823
Karbonn Titanium S1 Plus,10,08/03/2025,3.49,3.49,Offre groupée,Femme,53,5578
BenQ EL71,8,29/12/2024,29.99,6.49,Gratuité,Femme,39,9384
Ericsson R250s PRO,8,04/05/2024,12.99,2.99,Réduction,Homme,46,2866
Philips 568,2,29/06/2024,39.99,3.49,Offre groupée,Femme,45,8478
BenQ-Siemens SF71,2,03/09/2024,19.99,1.49,Bon d'achat,Femme,15,8403
Palm Treo 270,4,17/01/2025,4.99,2.29,Gratuité,Femme,45,5766
Motorola Moto G6 Plus,3,04/04/2025,49.99,2.99,Offre groupée,Homme,42,4631
Sony Ericsson K610,10,23/10/2024,2.99,2.89,Gratuité,Femme,47,3846
BLU Studio C Mini,4,04/09/2024,299.99,29.99,Offre groupée,Homme,40,9073
Samsung A887 Solstice,14,14/05/2024,39.99,15.99,Réduction,Femme,21,407
LG A230,14,14/11/2024,5.99,3.99,Réduction,Homme,57,8325
vivo iQOO 5 Pro 5G,5,26/08/2024,49.99,4.99,Gratuité,Homme,54,6333
alcatel 3L (2020),17,09/12/2024,3.99,2.19,Gratuité,Homme,16,1135
BLU Quattro 4.5 HD,2,10/02/2025,24.99,6.99,Offre groupée,Homme,47,8304
Infinix Hot 9,4,16/05/2024,29.99,3.99,Offre groupée,Homme,16,6993
Philips X116,19,22/07/2024,109.99,1.99,Réduction,Femme,39,2733
verykool SL6010 Cyprus LTE,1,16/08/2024,5.49,1.99,Réduction,Femme,20,742
verykool s5020 Giant,13,27/04/2024,14.99,4.49,Réduction,Femme,40,1565
Samsung S6700,9,17/08/2024,29.99,4.99,Bon d'achat,Homme,32,4615
Nokia 2600,1,02/10/2024,29.99,3.99,Réduction,Homme,25,4876
HP iPAQ rw6828,2,21/04/2024,15.99,2.99,Réduction,Homme,19,4072
BenQ A520,19,03/08/2024,39.99,5.49,Offre groupée,Homme,33,6517
Samsung Galaxy Note Pro 12.2 LTE,16,24/06/2024,59.99,3.99,Réduction,Femme,41,6440
Karbonn A16,8,17/02/2025,49.99,8.99,Offre groupée,Femme,27,1788
BLU Life Max,2,04/09/2024,34.99,4.99,Bon d'achat,Homme,57,3387
Nokia 7900 Prism,15,22/01/2025,4.79,2.99,Réduction,Femme,52,5328
Wiko Jerry2,11,18/03/2025,4.99,3.49,Réduction,Femme,41,9180
LG KC560,16,16/03/2025,39.99,2.99,Bon d'achat,Homme,24,7645
Motorola ROKR E1,13,07/09/2024,12.99,3.79,Gratuité,Homme,57,862
Samsung Galaxy M21s,14,24/03/2025,29.99,3.99,Réduction,Femme,52,1703
Allview V1 Viper S,11,31/05/2024,44.99,39.99,Réduction,Femme,46,9730
Micromax Canvas Tab P650,4,19/12/2024,24.99,19.99,Offre groupée,Homme,53,744
BLU Advance 4.0 L2,1,22/10/2024,79.99,29.99,Offre groupée,Femme,15,4451
Xiaomi Black Shark,18,12/05/2024,44.99,24.99,Réduction,Homme,58,5570
Plum Profile,19,28/06/2024,99.99,2.29,Offre groupée,Femme,31,841
Ulefone Armor 7,11,30/12/2024,29.99,24.99,Bon d'achat,Homme,36,1019
Micromax GC275,8,17/03/2025,79.99,39.99,Bon d'achat,Homme,43,2451
BLU Zoey,11,27/09/2024,25.99,22.99,Offre groupée,Homme,53,7520
HP iPAQ h6325,1,02/04/2025,4.99,2.99,Gratuité,Femme,51,1632
Lenovo Vibe Z2,13,13/01/2025,59.99,29.99,Réduction,Homme,29,6938
Micromax A56,16,22/09/2024,349.99,14.99,Bon d'achat,Femme,21,893
LG T315,15,09/08/2024,29.99,27.99,Gratuité,Femme,26,1745
Philips T910,14,19/06/2024,19.99,3.29,Bon d'achat,Homme,27,6135
Motorola Moto G Power,19,05/09/2024,6.49,4.99,Réduction,Femme,16,2038
BLU Dash X Plus LTE,17,14/08/2024,15.99,3.49,Gratuité,Homme,29,8545
Nokia Lumia 730 Dual SIM,11,29/03/2025,29.99,4.29,Offre groupée,Homme,37,5311
Nokia 5070,2,16/04/2025,24.99,2.29,Gratuité,Homme,54,3194
Huawei G6609,6,15/06/2024,3.99,3.49,Offre groupée,Homme,20,8162
BLU Vivo 4.8 HD,7,10/02/2025,39.99,29.99,Réduction,Homme,50,1280
Samsung R860 Caliber,17,22/09/2024,4.49,2.49,Offre groupée,Femme,47,4424
LG KP210,2,20/01/2025,54.99,4.59,Réduction,Homme,32,3958
T-Mobile Wing,14,02/12/2024,49.99,11.99,Réduction,Femme,15,7430
LG K8 (2017),8,03/02/2025,15.99,3.99,Offre groupée,Femme,19,2249
Lenovo K8 Plus,17,12/05/2024,34.99,2.99,Bon d'achat,Femme,46,3211
Tecno Spark 5 Air,15,31/07/2024,34.99,3.49,Réduction,Femme,57,1379
T-Mobile myTouch Q,1,15/03/2025,6.49,2.29,Offre groupée,Femme,25,2199
Samsung L770,13,21/01/2025,24.99,19.99,Réduction,Femme,60,9992
Asus Transformer Pad Infinity 700,4,24/06/2024,18.99,2.99,Réduction,Homme,59,6395
BQ Aquaris U Plus,1,18/03/2025,199.99,3.49,Offre groupée,Femme,53,3905
Xiaomi Poco X2,6,11/06/2024,49.99,39.99,Gratuité,Femme,26,2590
Plum Gator,7,26/06/2024,5.29,3.99,Offre groupée,Femme,52,8764
Wiko Y61,7,25/08/2024,29.99,2.49,Gratuité,Homme,56,2765
Philips 350,18,20/08/2024,29.99,10.99,Offre groupée,Femme,55,6478
Huawei Ascend Y100,20,01/04/2025,2.99,2.99,Offre groupée,Homme,15,3516
ZTE Grand S II,10,28/01/2025,39.99,1.29,Réduction,Femme,46,6503
Siemens SX66,3,01/09/2024,29.99,24.99,Bon d'achat,Homme,60,3418
vivo Y93,8,12/10/2024,24.99,8.99,Bon d'achat,Homme,53,9123
Huawei P30,15,22/08/2024,24.99,4.49,Gratuité,Homme,16,7574
Samsung I9000 Galaxy S,9,08/07/2024,14.99,4.49,Réduction,Femme,29,6298
Asus Zenfone Go ZB500KL,1,14/07/2024,24.99,10.99,Réduction,Homme,59,7988
i-mobile TV 626,1,25/03/2025,4.19,3.19,Réduction,Femme,44,5044
HTC Merge,3,21/12/2024,2.89,2.79,Réduction,Homme,18,9369
BenQ T60,18,06/09/2024,39.99,24.99,Réduction,Homme,59,7680
Celkon A21,5,18/06/2024,89.99,49.99,Offre groupée,Femme,40,4395
Plum Flipper,15,30/07/2024,29.99,12.99,Gratuité,Homme,36,917
Motorola RAZR MAXX,20,02/10/2024,34.99,12.99,Gratuité,Femme,22,3766
Sagem MY X6-2,6,23/05/2024,29.99,2.29,Bon d'achat,Femme,52,3832
Mitac MIO 8870,13,29/08/2024,3.79,3.29,Gratuité,Homme,37,6873
XOLO Era 2,10,28/01/2025,39.99,6.49,Offre groupée,Femme,35,9884
Motorola ATRIX 2 MB865,3,18/02/2025,4.99,2.99,Gratuité,Homme,60,5679
Honor 9,2,31/03/2025,79.99,3.49,Offre groupée,Homme,41,3382
Lenovo Golden Warrior A8,10,21/04/2024,49.99,39.99,Offre groupée,Homme,53,3339
Samsung C120,18,07/05/2024,29.99,12.99,Réduction,Homme,39,6469
BQ Aquaris X2,9,15/10/2024,59.99,34.99,Gratuité,Homme,22,4548
Sony Ericsson W580,9,21/03/2025,39.99,4.49,Offre groupée,Femme,37,7307
Samsung Galaxy Ace Duos I589,2,21/02/2025,19.99,9.99,Gratuité,Homme,52,5419
Philips 639,2,26/07/2024,59.99,29.99,Réduction,Femme,46,8830
HP iPAQ hw6910,10,23/02/2025,4.99,1.79,Bon d'achat,Homme,50,4448
Huawei Ascend W2,9,03/04/2025,34.99,1.89,Réduction,Homme,22,6488
HP Pro Slate 8,17,28/09/2024,39.99,2.79,Gratuité,Homme,37,9263
Micromax Vdeo 1,12,10/01/2025,5.99,1.29,Réduction,Homme,26,619
Sonim XP3 Sentinel,9,15/01/2025,6.99,3.29,Gratuité,Homme,59,5981
Samsung M310,10,15/08/2024,349.99,5.49,Réduction,Homme,17,2471
QMobile B800,5,26/07/2024,3.29,2.69,Réduction,Femme,16,1538
vivo iQOO U1x,16,17/04/2024,29.99,6.49,Gratuité,Femme,18,2886
Amazon Fire HD 10 (2017),20,04/06/2024,29.99,5.49,Offre groupée,Femme,39,8812
Motorola PRO+,18,26/04/2024,89.99,3.59,Bon d'achat,Femme,56,2995
Motorola Accompli 008,7,01/02/2025,49.99,2.49,Offre groupée,Homme,59,1645
Nokia 6110 Navigator,14,30/08/2024,8.99,3.99,Gratuité,Homme,37,9134
Celkon A99+,4,15/02/2025,6.99,5.79,Offre groupée,Homme,20,6968
Gionee M7 Plus,7,07/07/2024,79.99,2.79,Réduction,Homme,17,3007
Icemobile Prime,15,31/08/2024,45.0,14.99,Bon d'achat,Femme,30,7596
Gionee Ctrl V3,11,16/04/2025,54.99,4.99,Bon d'achat,Homme,60,6155
Xiaomi Redmi 8A Pro,20,28/11/2024,54.99,14.99,Offre groupée,Femme,15,9353
ZTE Blade S7,13,26/12/2024,79.99,2.49,Réduction,Femme,45,3724
ZTE nubia My Prague,15,24/12/2024,14.99,4.29,Bon d'achat,Femme,22,8822
LG G4 Stylus,3,10/04/2025,69.99,3.29,Réduction,Femme,33,6283
Oppo A3,6,03/10/2024,49.99,3.49,Offre groupée,Femme,48,3434
Nokia C5 5MP,7,26/01/2025,199.99,3.49,Gratuité,Homme,30,3895
Micromax A73,12,10/04/2025,49.95,2.99,Gratuité,Homme,43,5219
Meizu M5s,8,14/11/2024,19.99,3.99,Bon d'achat,Homme,53,443
Nokia 2710 Navigation Edition,18,21/08/2024,8.99,2.99,Bon d'achat,Homme,49,8977
Spice M-5170,10,06/01/2025,99.99,89.99,Réduction,Homme,52,5137
Samsung i400,4,25/08/2024,39.99,18.99,Bon d'achat,Femme,17,409
HTC Desire 830,13,29/07/2024,15.99,2.99,Bon d'achat,Homme,50,8459
Samsung A127,13,07/08/2024,39.99,3.29,Offre groupée,Femme,26,797
O2 XDA Graphite,15,16/10/2024,29.99,14.99,Réduction,Homme,33,21
Honor View40,20,08/04/2025,34.99,19.99,Réduction,Homme,31,6914
Asus Zenfone 3 Zoom ZE553KL,8,18/04/2024,39.99,2.49,Bon d'achat,Homme,26,1987
BLU C6L 2020,7,02/11/2024,39.99,3.49,Offre groupée,Homme,57,4124
BLU Studio J8 LTE,16,18/07/2024,19.99,12.99,Réduction,Femme,19,4101
Sewon SGD-1030,12,05/01/2025,299.99,44.99,Offre groupée,Homme,58,6199
Samsung I5800 Galaxy 3,10,18/11/2024,24.99,9.99,Offre groupée,Homme,43,610
Allview X4 Soul Mini,1,13/01/2025,3.29,1.49,Bon d'achat,Homme,23,4039
BLU Studio 5.0,7,22/03/2025,35.0,1.49,Bon d'achat,Femme,56,6603
Sony Ericsson Live with Walkman,9,25/07/2024,89.99,6.49,Bon d'achat,Femme,53,4160
Huawei G6310,15,01/06/2024,49.99,2.49,Bon d'achat,Homme,44,5430
Haier M160,3,18/05/2024,39.99,4.99,Offre groupée,Femme,51,3321
Amoi CS6,15,01/09/2024,29.99,14.99,Réduction,Femme,47,3620
Oppo Mirror 5s,12,04/02/2025,58.99,3.89,Réduction,Homme,37,5288
Karbonn A34,14,30/10/2024,12.99,2.59,Réduction,Homme,22,9723
Pantech C790 Reveal,3,12/09/2024,79.99,2.99,Gratuité,Femme,25,6333
alcatel Pop Icon,8,18/11/2024,19.99,2.99,Bon d'achat,Femme,43,462
Microsoft Lumia 640 XL LTE,18,08/05/2024,29.99,3.29,Réduction,Homme,50,4000
Samsung S7220 Ultra b,2,03/03/2025,3.29,2.99,Réduction,Homme,56,6300
Samsung M600,2,23/09/2024,4.99,2.79,Bon d'achat,Femme,56,3838
Spice Mi-725 Stellar Slatepad,11,16/05/2024,3.29,2.99,Offre groupée,Femme,43,8557
Philips 855,12,26/05/2024,39.99,19.99,Bon d'achat,Homme,20,5123
LG KS20,20,04/08/2024,29.99,29.99,Bon d'achat,Femme,33,5862
Lava Iris 250,17,05/04/2025,129.99,3.29,Réduction,Femme,30,3235
Siemens CXT65,4,09/11/2024,14.99,6.49,Réduction,Homme,15,4142
Motorola MILESTONE,1,24/08/2024,199.99,49.99,Bon d'achat,Homme,47,2400
Samsung M190S Galaxy S Hoppin,6,14/11/2024,49.99,19.99,Gratuité,Femme,49,5306
Xiaomi Redmi Note 4 (MediaTek),7,29/05/2024,14.99,1.89,Réduction,Homme,50,243
Nokia 9110i Communicator,20,09/07/2024,7.49,4.99,Bon d'achat,Femme,19,5612
Motorola EX201,5,09/12/2024,199.99,29.99,Offre groupée,Homme,55,170
Realme X50 5G (China),20,26/07/2024,39.99,3.99,Réduction,Homme,37,5496
Acer Predator 8,5,18/09/2024,69.99,3.79,Offre groupée,Homme,58,4405
vivo Y15 (2013),19,23/09/2024,4.29,2.49,Bon d'achat,Homme,52,6194
Nokia X3-02 Touch and Type,19,15/07/2024,49.99,44.99,Bon d'achat,Homme,24,2831
Eten M600+,10,23/07/2024,14.99,1.99,Offre groupée,Homme,20,6439
QMobile Noir X700,18,12/04/2025,39.99,3.99,Offre groupée,Femme,57,3790
NEC N710,2,11/08/2024,69.99,2.99,Bon d'achat,Homme,59,9937
Xiaomi Mi 9 Explorer,1,04/07/2024,39.99,29.99,Gratuité,Femme,19,3581
Asus Memo Pad FHD10,18,23/02/2025,299.99,39.99,Réduction,Homme,46,3557
Sagem P9521 Porsche,12,04/04/2025,49.99,4.49,Gratuité,Homme,28,5540
Acer Liquid Glow E330,8,21/10/2024,49.99,49.99,Gratuité,Femme,56,1480
Sendo S230,2,02/06/2024,19.99,3.79,Gratuité,Homme,33,5427
Huawei MediaPad M5 Lite 8,7,06/12/2024,59.99,1.29,Bon d'achat,Femme,54,4910
HTC Windows Phone 8S,19,13/11/2024,59.99,22.99,Réduction,Homme,38,8454
Spice Stellar 439 (Mi-439),9,28/05/2024,24.99,3.49,Bon d'achat,Homme,57,6487
HP Pre 3 CDMA,16,18/03/2025,49.95,12.99,Bon d'achat,Homme,28,1461
BLU Life One X2 Mini,18,20/11/2024,29.99,1.79,Réduction,Femme,28,7502
Asus PadFone Infinity,6,15/03/2025,49.99,39.99,Gratuité,Homme,44,2390
alcatel OT-102,15,07/11/2024,3.49,3.29,Offre groupée,Femme,60,369
Huawei G6608,7,22/06/2024,24.99,4.79,Offre groupée,Homme,58,3632
Motorola M3288,2,01/01/2025,5.99,1.99,Offre groupée,Homme,26,5865
Amoi H80,1,31/05/2024,49.99,3.99,Réduction,Femme,33,3154
Samsung Galaxy Tab 3 7.0,20,31/05/2024,34.99,14.99,Gratuité,Femme,27,4896
Sony Xperia C3 Dual,18,22/04/2024,29.99,4.99,Offre groupée,Homme,35,3084
Plum Might,5,12/09/2024,199.99,15.99,Bon d'achat,Homme,49,4819
verykool s810,7,11/09/2024,22.99,2.99,Gratuité,Homme,47,1506
Wiko View Prime,1,18/10/2024,34.99,4.99,Offre groupée,Femme,29,2097
BLU Dash L5 LTE,10,04/04/2025,24.99,2.49,Réduction,Homme,15,2016
vivo Y11 (2019),10,08/06/2024,3.59,3.29,Bon d'achat,Homme,60,8466
Lava Z90,11,28/08/2024,99.99,59.99,Offre groupée,Femme,30,8585
Nokia N1,3,01/04/2025,5.49,2.99,Réduction,Homme,59,7924
BLU Diva X,13,02/09/2024,39.99,5.49,Bon d'achat,Femme,42,2703
Qtek A9100,1,27/05/2024,59.99,2.99,Bon d'achat,Femme,24,6345
Micromax Q6,5,16/06/2024,159.99,30.0,Bon d'achat,Homme,20,4728
Micromax GC400,12,27/02/2025,6.49,3.79,Bon d'achat,Femme,21,5863
Motorola Moto Z4 Force,3,02/04/2025,14.99,4.99,Bon d'achat,Homme,15,4029
Maxon MX-A30,7,23/08/2024,24.99,19.99,Réduction,Femme,17,943
Samsung E1125,6,11/03/2025,6.49,5.49,Bon d'achat,Homme,56,8488
Acer Liquid Jade 2,18,14/06/2024,3.99,2.49,Bon d'achat,Homme,42,3577
